,user_a_id,user_b_id,confidence_score
0,4845b080-fa42-441e-8796-1682541d16c7,3500c8e4-ece4-4330-a791-b2f9f8630499,0.937521815008726
1,ff2f7a0d-ae31-4027-8324-574a7b6e8956,ce08ed38-8287-4164-b658-1cdae67ebf1d,0.9308900523560208
2,455c0bbf-7c7e-4789-87f6-50f26e6e62c6,fce7d420-1147-4707-b6f2-986359bed805,0.9804537521815008
3,c1e2dae7-4994-49b5-b64e-68ac6e3113cf,059ae877-60dc-43d9-ae9c-39b8884b72a1,1.0
4,c780c322-fd90-4905-bbbd-75d995407c93,d1cb9490-4fd8-4431-be90-006b1b981a0c,0.9952879581151832
